account_name,debit,credit,total_volume_zar
Cash,1533596.1099999999,0.0,1533596.1099999999
Intercompany Payables,808752.59,2532665.91,3341418.5
Operating Expenses,1864470.35,0.0,1864470.35
Revenue,0.0,1621755.33,1621755.33
